,proc_1_U0,stalling1.csv,status1.csv
proc_1_U0,proc_1_1_U0,stalling2.csv,status2.csv
proc_1_U0,proc_1_2_U0,stalling3.csv,status3.csv
,proc_2_U0,stalling4.csv,status4.csv
proc_2_U0,proc_2_1_U0,stalling5.csv,status5.csv
proc_2_U0,proc_2_2_U0,stalling6.csv,status6.csv
,AESL_inst_example,,module_status1.csv
proc_1_U0.proc_1_1_U0,grp_proc_1_1_Pipeline_VITIS_LOOP_42_1_fu_28,,module_status2.csv
proc_1_U0.proc_1_1_U0,grp_proc_1_1_Pipeline_VITIS_LOOP_46_2_fu_37,,module_status3.csv
proc_1_U0.proc_1_2_U0,grp_proc_1_2_Pipeline_VITIS_LOOP_55_1_fu_30,,module_status4.csv
proc_1_U0.proc_1_2_U0,grp_proc_1_2_Pipeline_VITIS_LOOP_59_2_fu_41,,module_status5.csv
proc_2_U0.proc_2_1_U0,grp_proc_2_1_Pipeline_VITIS_LOOP_76_1_fu_30,,module_status6.csv
proc_2_U0.proc_2_1_U0,grp_proc_2_1_Pipeline_VITIS_LOOP_80_2_fu_41,,module_status7.csv
