COL0,COL1
N,blithely regular ideas caj
N,slyly bold pinto beans detect s
N,deposits wake furiously dogged
N,even ideas haggle. even
N,carefully final gr
N,furiously regular accounts haggle bl
N,carefully ironic platelets against t
R,blithely s
R,final
A,carefully silent pinto beans boost fur
A,fluffily unusual deposits hag
R,blithely pending platelets according
A,ideas until the unusual packages c
N,special dependencies am
R,unusual
R,blithely even accoun
A,express platelets integr
A,ruthlessly unusual warhorses sleep slyly af
N,pending requests sleep furiously above
N,carefully spe
N,carefully exp
N,final deposits are quickly. furiously even
N,blithely expres
N,blithely silent accoun
N,furiously pending theodolit
N,ironic requests dazzle. final d
N,regular accounts cajole
N,furiously bold deposits 
N,slyly bold requests nag. fluffily
N,slyly ironic notornis bo
N,requests integrat
A,slyly even requests are f
A,special theodolites boost 
A,bold requests affix alongside of the slyly 
R,furiously regular deposits are carefully id
N,regular deposits grow. regu
N,carefully idle ins
N,furiously final ideas thrash carefully bo
N,dolphins along the slyly ir
N,fluffily final deposits are bl
N,quickly even depo
N,slyly special excuses wake carefully ironic
N,quickly regular instructions try t
N,slyly final foxes haggle blithely de
N,accounts sleep furiously bli
A,slyly final accounts caj
A,regular
A,fluffily f
N,carefully final packages
N,theodolites are bold foxes. fi
N,carefully even instructions sleep car
N,ideas cajole 
N,final theodolites
N,ideas haggle 
N,enticingly even
R,furiously regular
A,silent
N,regular
N,ironically regular theodolites ha
R,closely bo
A,furiously final waters are sl
N,carefully final theodolites inte
N,carefully bold pa
N,bold excuses wake quickly ac
N,pending ideas after the deposits cajole f
N,unusual depos
N,furiously regular ideas abov
N,ironic
N,special reque
N,blithely ironic packages sleep f
N,fluffily specia
N,quickly fi
N,final
N,final
A,dependencies serve
A,express attainment
A,carefully regular requests sleep a
R,regular dependencies are car
R,ideas are carefully pending asymptotes. 
A,sly theodolites along th
R,even pinto beans are alongside o
A,excuses haggl
R,even packages haggle carefull
A,regular
R,fluffily even deposits nag fluffil
A,slyly special ideas after the r
N,unusual platelets are
N,slyly regu
N,accounts lose about the iro
N,pending accounts sleep furiously pinto 
N,bravely regular packag
N,quickly express ideas detect blithely acros
A,furiously express f
R,regular ide
R,slyly final packages affix f
A,blithely bold deposits are at th
R,permanent hockey players
A,final
A,carefully pen
A,regular deposits wake
A,regular braids s
A,unusual
R,blithely unusual t
A,blithely regular deposits
A,quickly regular packages cajole furious
N,stealthily ironic packages according to th
N,regular depo
N,furiously regular accounts hagg
N,carefully even pinto beans after the dog
N,slyly special packages nag against t
N,carefully even 
N,final deposit
N,final packages gr
N,fluffily regular ideas ar
N,quickly express packa
N,instructions sleep. carefully even de
N,carefully qu
N,carefully bold packages are slyly even
N,furiously even ideas cajole 
N,dolphins b
N,platelets sleep quick
A,carefully bold ac
R,even accounts after the
A,blithely regular dolphins int
A,deposits serve slyly quickly ironi
R,carefully regular foxes are furiou
A,furiously unusual theodolites acr
R,final realms affi
R,busily express i
A,carefully bold theodolites 
R,express
A,blithely unusua
R,carefully busy asymp
R,fluffily even pla
R,express asymptotes eat
A,ironic asymptotes eat ruthlessl
A,slyly final excuses haggle furiou
R,bold
R,ironic
A,furiously ironic requests
A,blithely pending pac
N,furiously final ideas s
N,finally brave dependencies could have to d
N,ironic
N,carefully regular 
A,quickly final packages
A,slowly bold ideas haggle cl
A,pending accounts could have
A,final
A,silent Tiresias cajole. furiously bo
A,even
N,final deposits wa
N,furiously express escapades against t
N,furiously fina
N,bold
N,bold dugouts above the ironic dependenc
N,quickly regular pack
N,foxes are blithely carefully even accounts.
N,slyly fina
N,slyly unusual de
A,carefully quiet warthogs cajole 
N,carefully ironic requests wake fluffily
N,final accounts cajole. carefully sil
N,furiously express ideas affix. requests 
N,carefully special requests are after the
N,carefully 
N,quickly final the
N,furiously bold requests a
A,ironic foxes bey
R,ironic platelets detec
R,furiously ironic pinto 
R,unusual reque
R,express
R,furiously ironic packages detect above
A,even accounts cajole quickly
R,express packages are blithely. furiously e
R,carefully regular warhors
R,depths solve slyly across th
A,express in
R,asymptotes sublate alongside
N,furiously silent ideas sleep blith
N,regular
N,final dolphins h
N,deposits aro
R,blithely even
R,asymptotes cajole careful
N,regular braids are carefull
N,idly ironic ideas about t
N,silent
N,carefully final packages print b
N,accounts abou
N,fluffily regular requests detect car
A,daring
R,pinto beans doubt f
A,blithely pending dependencies ca
R,carefully unusual attainment
R,furiously i
A,regular
R,theodolites against the fluffily
R,busy
A,slyly unusual requests sleep furiousl
R,foxes breach blit
A,furiously silent requests 
A,slyly regular
R,slyly ironic requests 
R,carefully even foxes daz
R,carefully busy d
A,slyly close theodolites play blithely fur
N,unusual sentiments ab
A,packages detect furiously
N,fluffily regular packages use aga
N,blithely regular deposits sleep alongside
R,regular
N,slyly special accounts affix 
N,ironic excuses detect fluffily.
N,blithely final ideas 
N,fluffily final asymptotes wake along 
N,furiously reg
N,quickly pending acc
N,furiously fina
N,furiously express instructi
A,pending pa
R,ruthlessly final deposits sleep fluffil
A,carefully express theodolites haggle caref
R,slyly even asympt
R,regular sauternes
R,fluffily ironic accounts cajol
N,deposits use. reg
N,ironic accounts accordin
N,carefully unusual requests along the blith
N,quickly ironic packages are
N,furiously ironic requests within t
A,furiously expr
N,carefully ironic a
R,furiously final instruc
A,quickly final theodol
A,packages wake slyly. furiously unusua
R,furiously even foxes was blithely sly
R,ironic theodolites nag. slyly f
A,slyly close deposits haggle quickly under 
R,ideas use carefully. silent decoys cajole
N,regular
N,slyly unusual theodolites wake. caref
A,regular packages detect slyly. c
R,final accounts integrate. blithe
A,slyly pending Ti
R,final deposits
R,slyly silent deposits sleep carefu
R,asymptotes
R,furiously fi
R,carefully even deposits boos
A,quickly silent dependencies wake slyl
R,furiously pending pinto beans in
R,blithely regular pinto bean
R,furiously ironic e
R,platelets sleep along the carefully
R,slyly express requests are aroun
R,carefully regular dolphins
A,bold packag
A,bold requests boost carefully against the e
R,slyly final dependencies acc
A,carefully p
R,pending package
N,blithely unusual inst
R,quick theodolites above th
A,quickly final platele
R,instructions boos
A,slyly pending ideas cajole. caref
A,slyly regular r
A,blithely ironic accounts
A,pending
R,requests up the packages in
R,pending pinto beans are.
R,packages must cajole slyly even 
R,quickly even accounts haggle carefully
N,regular
N,quickly even dependen
N,express theodolites should en
N,accounts haggle. final
N,furiously final deposits among the blithely
R,quickly even accoun
R,quickly final dolphins ought to are-- 
R,furiously even in
R,blithely express foxes nag. even fo
A,final theo
A,pinto beans haggle ironic
N,ironic deposits 
N,theodolites cajole slyly above the fluffil
N,quickly unusua
R,pending foxes are quickly alongside of the 
A,express
R,carefully expr
N,silently reg
N,blithely final 
N,slyly even foxes alongside of 
N,special requests sleep alongside of the re
N,carefully express deposits wake quickly 
N,quickly regular theodolites detect a
N,furiously 
N,slyly even deposits cajole furi
N,slyly furious accounts x-ray
N,furiously unusual requ
R,theodolites
A,unusual
A,even frays mold. final
R,blithely u
A,sly theodolites use after th
R,thin dolphi
R,regular pearls above t
R,furiously regular excuses
R,ironic instructions 
R,regular foxes boost furiously.
R,fluffily even platelets upon the special
A,dependencies nag blithely. 
R,slyly unusual ideas haggle
A,express deposits haggle. fluffily
R,carefully even p
R,ideas haggle. slyly special dolphin
A,quickly final acc
N,quickly even frets unwind carefully acc
N,final
A,final asymptotes haggle 
R,carefully final account
A,carefully unusual instructions
A,furiously ironi
R,ironic instructions are sl
R,busy theodolites detect fluffily
A,blithely ironic accounts are a
A,deposits detect above the slyly fin
A,ironic
A,bold dependenc
R,accounts lose slyl
A,ironic
R,slyly express packa
A,furiously pending instructions a
A,unusual theodolites nag quickly agai
A,regular de
N,deposits cajole am
N,furiously final asymptotes boost. quickly 
N,quickly even platelets after the 
N,furiously ironic packages against the b
N,ruthlessly ironic ins
N,silent
N,carefully even accounts snoo
N,regular packages are alongside
A,theodolites play along
R,fluffily regular theodolites 
A,blithely even theodolite
A,bold
R,carefully express reques
A,fluffily silent 
A,deposits haggle furiously around the caref
A,furiously pending requests pla
N,slyly regular accounts aga
N,slyly even dependencies alongside of the
N,fluffily ironic theodolites wake slyly 
N,blithely ironic notornis wake accordi
N,quickly thin accounts ha
N,carefully express requests use
N,ironic accounts sleep fur
A,furiously express deposits h
A,slyly bold sautern
A,carefully ironic deposits detect r
R,even dependencies
R,express foxes sleep furi
A,blithely ironic theodolites integr
A,requests ca
N,fluffy
N,always ironic deposi
N,final deposits after the 
A,carefully express accounts c
A,quickly even instructions wake.
A,furiously regul
A,blithely idle requests nag c
R,deposits affix slyly ideas. boldly f
R,fluffily blithe accounts wak
A,silent requests along the even asymp
A,special theodolites cajole. bl
A,accounts doubt special foxes. careful
A,furiously ironic accounts haggle
R,enticing somas cajole car
A,slyly regular ideas sleep
R,idly final theodolites haggle quickly. p
R,carefully final 
A,ironic
A,packages shall sleep fluffily! sly
R,carefully 
R,bold
N,pending
N,slow notornis wake slyly quickly fin
A,unusual
A,fluffily regular packages use slyly
A,carefully regular foxe
N,slyly regular courts are slyly pac
N,regular
N,slyly final reque
N,slyly bold deposits kindle carefully
N,final asymptotes sleep at the silent
R,special accounts are slyly. expres
A,quickly even requests haggle furiously rut
A,quickly regular packages integrate. quickl
R,ironic requests wak
N,slyly regular dependencies wake aft
N,slyly special packages haggle slyly unusual
N,blithely express deposits slee
N,express requ
N,special ideas afte
N,blithely silent
N,regular
R,slyly ironic packages nag f
A,furiously bold ideas boost furiou
R,final excuses are above the express asympt
R,furiously bold acc
A,special accounts detect f
R,ironic
R,quick requests cajole ruthlessl
R,carefully regular pin
N,carefully regula
N,blithely u
N,special instructions wake
N,final instructions hagg
N,furiously careful deposits nag 
N,blithely even
N,requests above the quickly regular 
N,regular platelet
N,furiously regular theodolites haggle sly
N,express pinto beans wake quickly furi
N,pinto beans haggle carefully. even platele
N,carefully regul
N,pending accounts are slyly final 
N,slyly regular packa
N,slyly even packages affix blithely alo
R,final
N,unusual
N,pending depend
N,slyly silent acc
N,quickly final p
N,even
N,even
N,carefully regular re
N,quickly even package
N,carefully regula
N,blithely ironic sentiments after the stea
N,accounts a
N,bold frays haggle
N,fluffily regular deposits are sly
N,sheaves sleep bl
N,silent sentiments across the 
A,ironic deposits
N,final
R,furiously dogged asymptotes
A,even accounts haggle carefull
R,fluffily final instructions 
N,hockey players wake furiou
N,fluffily final requests haggle furiously b
N,bold foxes integrate? final pinto beans acc
N,carefully even theodolites boost. pinto be
N,blithely even requests integrate fu
N,fluffily regular accounts detect 
N,boldly regular pinto beans haggle fu
N,pinto beans are furiously un
N,accounts hang 
N,furiously qu
N,blithely regular accounts slee
N,ironic asymptotes detect-- bo
N,regular
N,quickly express instructions
N,slyly final accounts sleep a
N,slyly ironic foxes above the furiou
A,foxes thrash closely according to the 
A,regular theodolites try to boost dari
R,carefully unusual accounts b
A,furiously re
A,foxes are. dogge
A,quickly ironic ideas s
N,bold instructions use slowly alongside 
N,slyly even requests nag quickly around the
N,even requests use. co
N,regular ac
N,carefully regul
N,blithely pending accounts against the pe
N,quickly pending in
N,quickly regular acc
N,unusual
N,slyly special frays haggle about 
N,even attainments alongs
N,express accounts against the carefully 
N,blithely ironic re
N,furiously regular accou
N,slyly final
N,blithely ironic requests 
N,furiously regular requests wake. expres
N,even ideas detect. unusual deposits are 
N,slyly express deposits among the daring
N,regular requests across the bli
N,quick foxes wake. blithely daring requ
N,blithely regular packages are slyly. 
N,unusual foxes boost furiou
N,brave accou
R,quickly ironic deposits wake quick
R,slyly final th
N,unusual
N,regular accounts wake quickly. furious
N,express
N,forges are after the furio
R,furiously unusu
R,blithely regular platelets wake fur
N,regular
N,ideas doze blithely. foxe
N,express
N,fluffily special asympt
N,carefully unusual dolphins are slyly at 
N,quickly final packages
N,carefully ironic packages n
A,blithely bold requests 
A,regular ideas h
R,final patterns eat alo
R,slyly ironic requests haggle alongside
R,bold foxes are about the final deposits. s
R,carefully bold accoun
N,final deposits boost care
N,furiously ironic deposit
N,blithely quick asymptotes b
N,fluffily final dependencies shall use 
N,carefully regular
N,accounts wake. slyly ironic Tiresias sl
N,final pinto beans affix quickly carefu
N,bold
N,express accounts detect carefully fin
N,carefully 
N,slyly final requests use. iron
N,furiously ironic deposi
N,deposits hinder along the car
N,regular dependencies grow 
N,furiously bold deposits maint
N,regular ins
N,quickly regular accounts cajo
N,furiously ironic accounts nag quic
N,ideas use carefully among the c
R,carefully iro
N,even pinto beans nag furiously even
N,slyly unusual
N,enticing accounts eat doggedly silent
N,furiously final patterns across 
N,platelets thrash blithely fluffily
N,slyly enticing theodol
A,express
A,finally silent depos
A,regular ideas after the carefully
A,blithely bold pinto beans are quickly even 
A,carefully fina
A,carefully pending requests cajo
R,dogged
A,carefully spec
R,regular
A,unusual ideas hinder. blithely bold foxes w
R,carefully ironi
N,never ironic courts at the 
N,quickly pending requests around 
N,final foxes cajole. unusu
N,furiously regular ideas sleep 
N,blithely express deposits detect blithely
N,fluffily regula
N,carefully express instructions outside
N,carefully special de
A,final foxes above th
R,furiously sil
N,quickly even dependencies haggle
N,carefully si
N,quickly pending accounts co
N,theodolites nod quickly. blithely expres
N,even foxes lose closely even
N,unusual
N,final deposits should ha
N,quickly ironic waters eat slyly acro
N,ideas wake sl
N,deposits wil
N,deposits solve quickly. foxes 
N,even
N,furiously silent depths
N,furiously regular theodolites wake qu
N,even deposits wa
N,carefully final requests sleep slyly. even
N,carefully regular
N,pending
N,slyly final foxes nag permanen
N,bold accounts affix blithely final 
N,blithely bold ideas play flu
N,furiously regu
N,slyly final accounts abou
N,final deposits haggle blithely a
N,quickly regular foxes sleep slyly 
N,asymptotes solve idle idea
R,furiously even packages use amon
N,slyly bold accounts alongside
N,furiously 
N,blithely ironic accounts d
N,blithely even orbits wake 
N,fluffily fi
N,regular foxes haggle furiously across t
N,requests at the slyly ir
R,carefully bold accou
R,ironic deposits kindle carefully
A,ironic requ
R,ironic pains boost
R,carefully express t
A,ironic theo
A,fluffily pending pla
R,furiously bold deposits wake slyly furiousl
R,thinly even p
N,asymptotes de
N,quickly bold theodolites are requests-- 
N,quickly unusual excuses wake regularly at
N,bold asymptotes sl
R,unusual
A,carefully even foxes hagg
A,even
A,regular
R,pending foxes cajole daringly careful
A,slyly pending inst
A,requests x-ray? carefully ironic in
R,carefully unusual deposits sublate permane
A,fluffily re
A,even reque
R,foxes wake caref
R,blithely unusual requests across the caref
R,even platelets engage blithe
R,thinly unusual packages use blithely blithe
A,furiously 
R,unusual deposits c
A,regular deposits cajole blithely ac
A,pending warthogs boost blithely carefully
N,final
N,slyly thin deposits boost final
A,quickly regular asympto
R,foxes wake carefully. final
A,quickly express foxes are fl
A,requests haggle furiously along the final 
R,ideas wake. blithely unusual th
A,unusual packages are carefully fi
R,carefully fi
R,final
R,pinto beans after the carefully 
A,silent accounts about the even
R,fluffily pendi
A,quickly regu
R,express in
A,silent platelets cajole except the f
A,carefully iro
A,slyly unusual excuses haggle slyly 
R,unusual foxes wake. furiousl
A,furiously express ideas 
A,special theod
R,blithely final pa
A,ironic pinto beans h
R,slyly even pack
N,platelets cajole slyly packa
N,final pinto beans integrate blithely
N,slyly unusual theodolites ag
R,even instructi
R,ironic instructi
R,regular gifts haggle furiously.
R,carefully close pinto beans cajole slyl
A,ironic foxes haggle instruction
R,furiously final foxes haggle: slyly pendin
N,slyly express requests haggl
N,fluffily regular platelets sleep boldly. 
N,carefully even deposits use 
N,blithely ir
N,fluffily silent foxes wake fluffily 
N,slyly brave t
N,special gifts across the pending
N,furiously express deposits impress furious
N,slyly unusual deposits above the ir
N,quickly bold ideas use 
N,carefully ironi
N,thin requests bet
R,unusual
R,express requests boost. bl
R,slyly special packages cajole
R,furiously final account
A,carefully silent deposits cajole carefull
R,fluffily ironic courts 
A,carefully express pinto beans 
R,slyly pending pinto beans sleep car
R,blithely ex
R,blithely regular theodolites snooze blit
R,carefully s
N,never final theodolites nod
N,final requests cajole! q
N,slyly even
N,regular
N,blithely regular sentiments thro
N,carefully regular tithes print fluffil
R,blithely regular ideas haggle slyly
A,regular dependenci
N,quickly regular packages 
N,blithely ironic accounts wake fl
N,blithely ironic accounts haggle slyly
N,accounts cajole. instructions de
N,blithely quick accounts haggle s
N,regular foxes agains
N,blithely special instructions wake daringl
N,furiously ironic deposi
N,patterns cajole
N,carefully stealthy asymp
A,quickly regular requests cajole ironi
R,quickly iron
R,slyly regular packages 
R,furiously clo
A,furiously 
R,ironic
R,furiously unusual accounts above th
R,packages impress slyl
A,carefully unusual theod
R,express dugouts against the fluffily 
A,quickly bold accounts
N,final
N,accounts should have to are furiou
N,regular accounts nag. foxes about t
N,express accounts 
N,pending deposits wake slyly quickly bold
R,carefully pending accounts detect quickly
R,bold packages among the sl
A,slyly pending deposits sleep
A,sauternes affix against the furiously 
A,carefully even excuses cajole car
A,furiously eve
N,ironic excuses use
N,slyly unusual asymptotes boost furiousl
N,deposits sleep furiously. acco
N,carefully ironic deposits
N,final theodolites boost quickly about the
N,slyly regular accounts nag abo
N,close escapa
N,bold deposits doze ironically regula
N,even deposits throug
N,unusual
A,carefully unusual forges may hag
A,bravely regular pinto be
A,blithely express accounts nag behind th
A,fluffily regular excuses are
R,theodolites sleep furiously. s
A,dogged instructions alongside of th
N,carefully ironic accounts affix slyly. regu
N,bold pinto
N,carefully fluffy packages integrate a
N,furiously final deposits haggle blith
N,ideas above the deposits cajole s
N,special
N,hockey player
N,ironic foxes against t
A,bold foxes are-- quickly ironic excuses wa
R,bold
N,bold multipliers haggle about the b
N,slyly regular requests cajole furi
N,blithely unusual requests solve above the
N,quickly bold packages above the 
N,furiously even accounts engage fu
N,doggedly ironic depths are deposits. som
N,finally bold attainments wa
N,accounts wake alongside of the slyly
R,regular
R,blithely even dolphins sleep slyly against 
R,never ironic packages haggle. furiousl
A,regular
A,dependencies boost carefully blithe
A,quickly regular dep
A,pending foxes haggle. quickly 
A,fluffily pending ideas nag. c
R,fluffily final accounts sleep ste
R,pains breach furiously
A,slyly regular instructio
N,theodolites use furiously afte
N,slyly pending deposits shall have to wake 
N,blithely thin ideas doze. furio
N,pending ideas are slyly. orbits use blithel
N,express
N,pinto beans ab
N,quickly iron
R,platelets impress
N,slyly regular instructio
N,quickly special requests 
N,furiously unusual packages are quickly
N,pending instructions wake along the s
R,slyly express requests wake sl
A,blithely express in
A,furiously quiet real
A,final decoys
R,foxes cajole furiously among the st
A,blithely pen
A,packages sleep slyly final packages. sheav
A,slyly blithe accounts nod fl
A,warthogs sleep accounts. package
R,blithely pending accounts haggle fur
R,regular
A,slyly unusual ideas detect. even
N,furiously regular foxes wake carefully qu
N,fluffily unusual requests a
A,even excuses along the
A,regular foxes according to the 
R,even
A,fluffily ironic pinto beans
N,dependencies along the fluffily speci
N,deposits according to t
N,ironically regular theodolites sleep ir
N,instructions on the
N,carefully final packages cajole fur
N,express instructions integr
N,quickly final requests play blith
R,slyly brave packages cajole? fu
A,carefully slow accou
A,accounts are quickly. slyly ironic
R,carefully permanent ideas cajo
R,slyly regular account
R,carefully regular in
A,dolphins ac
A,bold
A,regular co
R,fluffily regular asympt
A,unusual dinos believe
A,pending foxes detect bold pinto bean
R,blithely regular deposits use quick
A,quick epitaphs cajole
N,furiously ironic accounts need to ar
N,furiously ironic pinto beans kindle quickly
N,carefully thin deposits are afte
N,carefully regular requests across the qu
N,doggedly regular ideas wake quickly sp
A,dogged accounts sleep blithel
R,quickly daring inst
N,fluffily ironic pinto beans dazzle 
N,carefully express pinto beans 
N,blithely regular requests sleep around t
N,blithely special do
N,blithely bold foxes c
N,furiously ironic requests
N,carefully even deposits run. quickly reg
N,quickly final platelets against the silent 
N,blithely even
R,fluffily regular packages above the exp
A,bold
R,slyly regular orbits ar
A,special dolphins use blithely. 
R,final requests haggle slyly of 
A,special
R,regular
R,slyly ironic platelets haggle fu
R,carefully express packages according
A,special
R,quickly ironi
R,express
N,silent foxes according to the bol
N,even requests wake slyly above the accoun
A,finally re
A,deposits against th
N,slyly even ex
N,furiously blithe packages accordin
N,express pinto beans are across the bold
N,slyly final requests wake sl
N,packages w
N,furiously regular 
N,slyly bold ins
R,silent
A,silently special
A,blithely ironi
A,pending accou
R,slyly regular deposits alongside of the 
R,even foxes use slyly; requests affix final 
A,express pinto beans are alon
R,furiously regul
N,accounts along 
A,furiously regular deposit
R,blithely ironic requests sleep at
A,slyly even asymptotes wake slyly special 
A,carefully silent at
A,furiously bold packages are furi
R,carefully express
N,special
N,fluffily brave req
N,deposits wake. iron
N,carefully furious
N,express asymptotes acco
N,accounts are 
N,slyly regular requests grow furiously ir
R,blithely fin
A,dependencies must caj
R,brave requests n
N,slyly ironic pac
N,furiously dogged as
N,silent depo
N,fluffy instructions nag
R,slyly ironic instructions are slyly ev
R,slyly unus
R,furiously pending depo
N,blithely reg
N,fluffily regular theodolites affix quickl
N,enticingly regular gifts un
N,ironic platelets around the spec
N,carefully regular accounts are carefu
N,evenly fin
R,fluffily even asymptotes about the instruct
A,blithely final dolphins use. bl
A,furiously 
A,deposits mold. pinto bean
N,slyly express accounts across the furious
N,even frays use fu
A,blithely bold gifts sl
R,doggedly ironic deposi
A,quickly final excuses caj
A,fluffily ironic requests thr
A,idle
R,regularly ironic deposits are furiously a
A,quickly regular depos
A,carefully close war
A,bold packages integrate quickly.
A,final requests wake furiously pending 
A,furiously quiet 
R,slyly even deposits nag slyly ironic
A,slyly even accounts can
A,carefully pending asymptotes sleep qu
A,carefully r
A,regular
N,blithely ironic requests cajo
R,thinly pen
R,furiously bold theodolites wake even ac
A,slyly even dept
N,furiously even pinto be
N,carefully even 
N,carefully ironic m
N,evenly ironic foxes are caref
N,furiously unu
N,bold packages use. caref
N,furiously regular deposits haggl
A,requests sleep according to t
R,final theodolites are
R,busily final inst
N,quickly pending 
N,slyly ironic accounts cajole acco
N,special
N,carefully ev
N,final deposits engage 
N,enticing ideas run f
R,furiously regu
A,pending plate
A,unusual deposits eat quickly accordi
R,carefully 
A,quickly ironic depo
A,slyly unusual t
R,final
R,furiously i
N,carefully regular accounts cajole slyly
N,final platelets wak
N,furiously regular asymptot
N,slyly final theodolites cajol
N,furiously even deposits maintain
N,carefully express theodol
N,bold deposits across the
N,regular
N,quickly regula
N,pending deposits sleep fl
R,unusual
A,slyly regular theodolites among the
A,bold deposit
A,carefully regular reques
A,carefully special deposits haggle by the 
A,final ideas alongside 
A,special
N,unusual ideas boost fluff
N,carefully brave accounts 
N,permanent packages are blithely. express
N,deposits nod final
N,blithely express foxes are quickly qui
N,quickly unusual requests haggle fur
N,fluffily express reque
N,furiously special ideas above the special
N,slyly regular requests 
N,slyly express excuses haggle blithely aga
N,fluffily ironic excuses affix
N,slyly special deposits after the pending ac
N,furiously express instructions should
R,slyly even depend
R,silent instructions above the blithely i
A,slyly even
A,even
N,furiously silent pinto beans maintain unusu
N,furiously regular deposi
N,accounts wake blithely expres
N,slyly bold requests are blithely. slyly r
N,unusual platelets breach. slyly fin
N,slyly regular packages after the quic
N,theodolites haggle slyly according to 
N,slyly bold requests affix about the regul
A,furiously even ideas sleep according to t
R,slyly regular deposits sleep ac
A,carefully 
R,excuses sl
R,furiously bold forges al
R,quickly ironic foxes are blithely
A,unusual
