grp_dut_Pipeline_OBJ_LOOP_fu_6828,OBJ_LOOP,upc_loop_status1.csv
grp_mergeBuffer_fu_6955.grp_mergeBuffer_Pipeline_1_fu_332,Loop 1,upc_loop_status2.csv
grp_mergeBuffer_fu_6955.grp_mergeBuffer_Pipeline_2_fu_356,Loop 1,upc_loop_status3.csv
grp_mergeBuffer_fu_6955.grp_mergeBuffer_Pipeline_3_fu_379,Loop 1,upc_loop_status4.csv
grp_mergeBuffer_fu_6955.grp_mergeBuffer_Pipeline_4_fu_402,Loop 1,upc_loop_status5.csv
grp_mergeBuffer_fu_6955.grp_mergeBuffer_Pipeline_5_fu_425,Loop 1,upc_loop_status6.csv
grp_mergeBuffer_fu_6955.grp_mergeBuffer_Pipeline_6_fu_448,Loop 1,upc_loop_status7.csv
grp_mergeBuffer_fu_6955.grp_mergeBuffer_Pipeline_7_fu_471,Loop 1,upc_loop_status8.csv
grp_mergeBuffer_fu_6955.grp_mergeBuffer_Pipeline_8_fu_494,Loop 1,upc_loop_status9.csv
grp_mergeBuffer_fu_6955.grp_mergeBuffer_Pipeline_9_fu_517,Loop 1,upc_loop_status10.csv
grp_mergeBuffer_fu_6955.grp_mergeBuffer_Pipeline_10_fu_540,Loop 1,upc_loop_status11.csv
grp_mergeBuffer_fu_6955.grp_mergeBuffer_Pipeline_11_fu_563,Loop 1,upc_loop_status12.csv
grp_mergeBuffer_fu_6955.grp_mergeBuffer_Pipeline_12_fu_586,Loop 1,upc_loop_status13.csv
