grp_dft_Pipeline_All_Loop_fu_152,All_Loop,upc_loop_status1.csv
grp_dft_Pipeline_DFT_Loop_fu_168,DFT_Loop,upc_loop_status2.csv
grp_dft_Pipeline_DFT_Loop1_fu_188,DFT_Loop,upc_loop_status3.csv
grp_dft_Pipeline_DFT_Loop2_fu_208,DFT_Loop,upc_loop_status4.csv
grp_dft_Pipeline_DFT_Loop3_fu_228,DFT_Loop,upc_loop_status5.csv
grp_dft_Pipeline_DFT_Loop4_fu_252,DFT_Loop,upc_loop_status6.csv
grp_dft_Pipeline_DFT_Loop5_fu_276,DFT_Loop,upc_loop_status7.csv
grp_dft_Pipeline_DFT_Loop6_fu_300,DFT_Loop,upc_loop_status8.csv
grp_dft_Pipeline_DFT_Loop7_fu_324,DFT_Loop,upc_loop_status9.csv
grp_dft_Pipeline_DFT_Loop8_fu_348,DFT_Loop,upc_loop_status10.csv
grp_dft_Pipeline_DFT_Loop9_fu_372,DFT_Loop,upc_loop_status11.csv
