,AESL_inst_dft,,module_status1.csv
,grp_dft_Pipeline_All_Loop_fu_152,,module_status2.csv
,grp_dft_Pipeline_DFT_Loop_fu_168,,module_status3.csv
,grp_dft_Pipeline_DFT_Loop1_fu_188,,module_status4.csv
,grp_dft_Pipeline_DFT_Loop2_fu_208,,module_status5.csv
,grp_dft_Pipeline_DFT_Loop3_fu_228,,module_status6.csv
,grp_dft_Pipeline_DFT_Loop4_fu_252,,module_status7.csv
,grp_dft_Pipeline_DFT_Loop5_fu_276,,module_status8.csv
,grp_dft_Pipeline_DFT_Loop6_fu_300,,module_status9.csv
,grp_dft_Pipeline_DFT_Loop7_fu_324,,module_status10.csv
,grp_dft_Pipeline_DFT_Loop8_fu_348,,module_status11.csv
,grp_dft_Pipeline_DFT_Loop9_fu_372,,module_status12.csv
