,AESL_inst_dut,,module_status1.csv
,grp_dut_Pipeline_1_fu_128,,module_status2.csv
,grp_dut_Pipeline_2_fu_134,,module_status3.csv
,grp_dut_Pipeline_3_fu_140,,module_status4.csv
,grp_dut_Pipeline_4_fu_146,,module_status5.csv
,grp_dut_Pipeline_5_fu_152,,module_status6.csv
,grp_dut_Pipeline_6_fu_158,,module_status7.csv
,grp_dut_Pipeline_7_fu_164,,module_status8.csv
,grp_dut_Pipeline_8_fu_170,,module_status9.csv
,grp_dut_Pipeline_VITIS_LOOP_37_1_fu_182,,module_status10.csv
,grp_dut_Pipeline_VITIS_LOOP_123_3_fu_202,,module_status11.csv
